{
"hmc_hostname": "hmc17",
"hmc_user": "pcmadmin",
"hmc_password": "pcm123pcm",
"output_nchart": 0,
"output_json": 0,
"output_csv": 0,
"comment1": "Valid setting for output_influx = 0 (off), 1 or 2",
"output_influx": 1,
"comment2": "InfluxDB 1.x options",
"ihost": "influx",
"iport": 8086,
"iuser": "",
"ipassword": "",
"idbname": "nextractplus",
"comment3": "InfluxDB 2.x options",
"iurl": "https://influx.acme.com:8086",
"ibucket": "default",
"iorg": "IBM",
"itoken": "123456780..abcdefg_etc.",
"comment4": "other parameters are ignored",
"comment5": "last name=value line has no ending comma"
}
